nm0389698,B.J. Hogg,1955,2020,"actor,music_department","tt0986233,tt1240982,tt0970411,tt0944947"
nm0269923,Michael Feast,1946,,"actor,composer,soundtrack","tt0120879,tt0472160,tt0362192,tt0810823"
nm0727778,David Rintoul,1948,,"actor,archive_footage","tt1139328,tt4786824,tt6079772,tt1007029"
nm6729880,Chuku Modu,1990,,"actor,writer,producer","tt4154664,tt2674426,tt0944947,tt6470478"
nm0853583,Owen Teale,1961,,"actor,writer,archive_footage","tt0102797,tt0944947,tt0485301,tt0462396"
nm0203801,Karl Davies,1982,,"actor,producer","tt3428912,tt7366338,tt0944947,tt12879632"
nm8257864,Megan Parkinson,,,"actress,director,writer","tt0944947,tt26934073,tt4276618,tt6636246"
nm0571654,Fintan McKeown,,,actor,"tt0112178,tt0110116,tt0166396,tt0944947"
nm1528121,Philip McGinley,1981,,"actor,archive_footage","tt0944947,tt1446714,tt0053494,tt4015216"
nm0000980,Jim Broadbent,1949,,"actor,writer,producer","tt0203009,tt1431181,tt1007029,tt0425112"
nm0649046,Deobia Oparei,1971,,"actor,archive_footage","tt1343727,tt0419706,tt0118929,tt0203009"
nm1783582,Sahara Knite,1975,,"actress,archive_footage","tt0944947,tt9814116,tt15249564,tt15288590"
nm8127149,Nathanael Saleh,,,"actor,soundtrack","tt5028340,tt0944947,tt1635327,tt3498954"
nm1074361,Luke Roberts,1977,,"actor,producer,composer","tt5809150,tt2375692,tt0944947,tt1877830"
nm3586035,Maisie Williams,1997,,"actress,producer,soundtrack","tt4682266,tt0944947,tt3294200,tt1330018"
nm0538869,Patrick Malahide,1945,,"actor,writer,producer","tt0116908,tt0143145,tt0090521,tt0120873"
nm4207240,Phil Barnhill,,,actor,tt1785299
nm0568400,Ian McElhinney,1948,,"actor,director,soundtrack","tt0116477,tt0944947,tt3748528,tt0970411"
nm1152798,Joseph Mawle,1974,,"actor,archive_footage","tt0944947,tt1127876,tt1390411,tt2183641"
nm4730958,Eline Powell,1990,,"actress,director,writer","tt2091298,tt1972591,tt2884308,tt0944947"
nm0429956,Gerard Jordan,,,actor,"tt2614684,tt1238291,tt0944947,tt2294189"
nm1978998,Forbes KB,1965,,"actor,transportation_department,sound_department","tt1289406,tt0381061,tt0436697,tt0866439"
nm1043031,Tim Plester,1970,,"actor,director,producer","tt8398600,tt0944947,tt1727824,tt1702622"
nm5279916,Leigh Gill,,,"actor,miscellaneous","tt7286456,tt11315808,tt3183660,tt0944947"
nm1638006,Michael Condron,,,actor,"tt0053494,tt0944947,tt8103066,tt30422469"
nm3652842,Isaac Hempstead Wright,1999,,"actor,soundtrack,archive_footage","tt0787474,tt0944947,tt1687901,tt9664108"
nm5106314,Gemita Samarra,,,"stunts,actress,director","tt2379713,tt0944947,tt1355631,tt1935859"
nm3729225,Gwendoline Christie,1978,,"actress,casting_department,producer","tt0944947,tt2527336,tt2488496,tt1951266"
nm0283492,Jerome Flynn,1963,,"actor,producer,soundtrack","tt0944947,tt2085059,tt6146586,tt2183641"
nm0574534,Ian McShane,1942,,"actor,producer,director","tt0348914,tt1298650,tt1735898,tt0441773"
nm0751085,Clive Russell,1945,,"actor,soundtrack,archive_footage","tt0988045,tt0780653,tt0349683,tt0115288"
nm1214477,Michael Grennell,1958,,"actor,archive_footage","tt0944947,tt2183641,tt0264333,tt0198209"
nm0265610,Michelle Fairley,1963,,"actress,archive_footage","tt0944947,tt2431286,tt1390411,tt0926084"
nm0734498,Lalor Roddy,1954,,actor,"tt1525366,tt0986233,tt6793280,tt1248971"
nm0372176,Lena Headey,1973,,"actress,producer,director","tt0416449,tt0944947,tt1374989,tt1343727"
nm2456829,Alice Hewkin,,,"actress,soundtrack","tt3778644,tt2345759,tt0944947,tt17632862"
nm0404809,Frank Hvam,1970,,"actor,writer,producer","tt1680136,tt0434695,tt0272993,tt0270762"
nm4007028,Darren Killeen,,,actor,"tt0944947,tt5447862,tt2244875,tt7162514"
nm0700059,Robert Pugh,1950,,"actor,writer,director","tt1139328,tt0311113,tt0955308,tt0320661"
nm3592338,Emilia Clarke,1986,,"actress,producer,soundtrack","tt0944947,tt1340138,tt2674426,tt3778644"
nm0408591,Ralph Ineson,1969,,"actor,producer,soundtrack","tt4263482,tt9243804,tt11858890,tt6412452"
nm3996678,Maisie Dee,1985,,"actress,archive_footage","tt0944947,tt13306176,tt22940408,tt4389976"
nm0192377,Liam Cunningham,1961,,"actor,director,producer","tt0986233,tt0460989,tt0800320,tt0944947"
nm1613839,Ian Whyte,1971,,"actor,miscellaneous,stunts","tt9253284,tt0944947,tt1446714,tt11138512"
nm1368037,Alisdair Simpson,,,actor,"tt0944947,tt0259733,tt2368254,tt0372091"
nm0915453,Tony Way,1978,,"actor,writer,director","tt1631867,tt1568346,tt0462335,tt2717860"
nm0796502,Alexander Siddig,1965,,"actor,director,soundtrack","tt0106145,tt0320661,tt0253556,tt0190865"
nm1861467,Roxanne McKee,,,actress,"tt0944947,tt3079768,tt1043726,tt0112004"
nm6088160,Diogo Sales,,,actor,"tt0944947,tt21867228,tt6353166,tt17677434"
nm2999602,Junade Khan,,,actor,"tt0944947,tt0112004,tt0259733,tt6809036"
nm2231505,David James Coakley,,,"actor,writer","tt0944947,tt1672189,tt6632666,tt12343858"
nm0752638,Jonathan Ryan,,,actor,"tt0105112,tt0877105,tt0107207,tt0944947"
nm0000293,Sean Bean,1959,,"actor,producer,animation_department","tt0120737,tt0944947,tt1181791,tt0167261"
nm0174005,Ben Crompton,1974,,"actor,director,producer","tt1788391,tt0944947,tt0211181,tt2235695"
nm0580014,Tobias Menzies,1974,,"actor,writer,soundtrack","tt16912512,tt15771916,tt4786824,tt3006802"
nm0890055,Indira Varma,1973,,"actress,producer,archive_footage","tt3763912,tt0361411,tt9603212,tt0384766"
nm4473207,Barrington Cullen,,,actor,"tt0944947,tt14527610,tt4557078,tt3480948"
nm1561982,Pilou Asbæk,1982,,"actor,miscellaneous,soundtrack","tt1219827,tt4530422,tt0944947,tt2216240"
nm2406775,Cedric Henderson,,,actor,"tt0944947,tt0807980,tt8561820"
nm0050520,Peter Ballance,,,"actor,miscellaneous","tt0944947,tt1985443,tt3223394,tt0408056"
nm0443825,Dermot Keaney,1964,,"actor,archive_footage","tt0383574,tt0449088,tt1020558,tt0110428"
nm2307468,Ricky Champ,1980,,"actor,archive_footage","tt1213663,tt3045616,tt0944947,tt1974934"
nm1478079,Joe Dempsie,1987,,"actor,soundtrack,archive_footage","tt0840196,tt0944947,tt1297919,tt1935302"
nm6793798,Eddie Eyre,1988,,"actor,miscellaneous,set_decorator","tt0944947,tt5809150,tt0088512,tt8785372"
nm2356940,Hannah Murray,1989,,"actress,soundtrack,archive_footage","tt2141751,tt4180576,tt0944947,tt5390504"
nm3354768,Alan Paris,,,actor,"tt1186830,tt0944947,tt13592494,tt2825222"
nm0130538,Sam Callis,1973,,"actor,writer,producer","tt3633218,tt1727309,tt0944947,tt0334874"
nm2089809,Nikovich Sammut,,,"stunts,actor,miscellaneous","tt0408306,tt4172430,tt1270262,tt1186830"
nm4440118,Seamus Kelly,,,"actor,stunts",tt0944947
nm0002103,Julian Glover,1935,,"actor,soundtrack,archive_footage","tt0097576,tt0080684,tt0082398,tt0332452"
nm0798872,Peter Silverleaf,,,actor,"tt2537176,tt0119115,tt0944947,tt0096555"
nm7318132,Davor Jozinovic,,,actor,tt0944947
nm3005802,Ivan Peric,,,"actor,editor,miscellaneous","tt1877832,tt2139881,tt2295560,tt6866224"
nm7318134,Hadi Kermani,,,actor,"tt0944947,tt3295330,tt11083482"
nm7318135,Tonci Banov,,,actor,"tt0944947,tt5061784"
nm0544139,Clive Mantle,1957,,"actor,writer,archive_footage","tt0103644,tt0096454,tt0944947,tt1475582"
nm0057965,Clifford Barry,,,"actor,miscellaneous","tt0189192,tt0944947,tt0094535,tt0118363"
nm4440305,Mark Stanley,1988,,"actor,soundtrack","tt8365002,tt7334158,tt5700176,tt3622120"
nm2760664,Jacob Anderson,1990,,"actor,soundtrack","tt0944947,tt4530422,tt1514041,tt3960394"
nm0234541,Roy Dotrice,1923,2017,"actor,writer,archive_footage","tt0411477,tt0086879,tt0092319,tt0104040"
nm6301068,Sabrina Bartlett,1991,,actress,"tt0944947,tt3874450,tt8740790,tt3636060"
nm2407387,Sara Dylan,,,actress,"tt0944947,tt0981330,tt2303687,tt4276624"
nm1051151,Paul Rattray,,,actor,"tt0381966,tt0157583,tt0944947,tt1127876"
nm4704928,Marc Rissmann,,,"actor,director,writer","tt0944947,tt1740299,tt4179452,tt13991232"
nm0267256,Souad Faress,,,"actress,archive_footage","tt1160419,tt4575576,tt1473832,tt0944947"
nm0894857,David Verrey,,,"actor,archive_footage","tt0317198,tt13287846,tt0944947,tt0436992"
nm0072855,Paul Bentley,,,actor,"tt1007029,tt0944947,tt0185906,tt8697870"
nm0000596,Jonathan Pryce,1947,,"actor,producer,soundtrack","tt8404614,tt0088846,tt0120347,tt3750872"
nm2181128,Joel Fry,1985,,"actor,writer,producer","tt8079248,tt0944947,tt3228774,tt0443649"
nm3964231,Kristian Nairn,1975,,"actor,producer,archive_sound","tt0944947,tt2183641,tt6857040,tt11000902"
nm0628040,Christopher Newman,,,"producer,assistant_director,miscellaneous","tt0944947,tt0185906,tt0107943,tt0120915"
nm3444954,Ben Hawkey,,,actor,"tt1562871,tt0944947,tt1371160,tt1919418"
nm4547262,Leo Woodruff,,,"stunts,actor","tt2382320,tt1211837,tt1345836,tt1735898"
nm2131630,Jefferson Hall,1977,,"actor,producer,archive_footage","tt6723592,tt15398776,tt1502407,tt2488496"
nm0019885,Roger Allam,1953,,"actor,producer,soundtrack","tt0434409,tt0811080,tt0460989,tt1298650"
nm3330122,Wilko Johnson,1947,2022,"actor,soundtrack,archive_footage","tt0944947,tt1738634,tt4188192,tt1245412"
nm3822505,Amrita Acharia,,,"actress,director,writer","tt14022350,tt0944947,tt10642480,tt2798170"
nm0001290,Richard E. Grant,1957,,"actor,director,writer","tt0280707,tt4595882,tt0102070,tt17351924"
nm4781280,Paul Caddell,,,"actor,director,writer","tt0944947,tt4885624,tt1248971,tt2294189"
nm0182666,Nikolaj Coster-Waldau,1970,,"actor,producer,writer","tt0944947,tt1483013,tt2404233,tt0110631"
nm0141582,Dominic Carter,,,"actor,archive_footage","tt0944947,tt0493383,tt0053494,tt2088544"
nm0937239,Tom Wlaschiha,1973,,"actor,archive_footage","tt0944947,tt2427220,tt1391116,tt2473794"
nm0641433,Patrick O'Kane,1965,,actor,"tt2527336,tt0204313,tt5116280,tt0319938"
nm4475335,Jeffrey O'Brien,,,actor,"tt0829150,tt0944947,tt2653350"
nm0181920,James Cosmo,1948,,"actor,producer,soundtrack","tt0112573,tt0091203,tt0332452,tt0363771"
nm4424689,Sarita Piotrowski,,,"actress,miscellaneous","tt0944947,tt2476682,tt2214815,tt1682886"
nm0322416,Jack Gleeson,1992,,"actor,archive_footage","tt0944947,tt0372784,tt1014774,tt15782690"
nm1032473,Thomas Brodie-Sangster,1990,,"actor,producer,soundtrack","tt4046784,tt1790864,tt0314331,tt4500922"
nm0822062,John Standing,1934,,"actor,soundtrack,archive_footage","tt0434409,tt0080678,tt0457513,tt0074452"
nm3229685,Kit Harington,1986,,"actor,writer,producer","tt0944947,tt1921064,tt0938330,tt9032400"
nm0639569,Gerry O'Brien,1949,,"actor,archive_footage","tt0253556,tt0312549,tt0349683,tt0383574"
nm0322513,Iain Glen,1961,,"actor,producer,soundtrack","tt0944947,tt6954652,tt10370380,tt6859806"
nm0803397,Jamie Sives,1973,,"actor,producer,director","tt0329767,tt0862467,tt0291341,tt1226229"
nm4958677,Kelly Long,,,"art_department,actress,assistant_director","tt4178092,tt0944947,tt7012634,tt29767038"
nm1218607,Burn Gorman,1974,,"actor,soundtrack,archive_footage","tt2049403,tt1488589,tt2557478,tt1345836"
nm2171898,Birgitte Hjort Sørensen,1982,,"actress,soundtrack","tt1971325,tt2675914,tt1961192,tt2848292"
nm4768858,Pixie Le Knot,,,"actress,miscellaneous,stunts","tt0944947,tt2388771,tt1560985,tt3726322"
nm2461009,Tim Landers,,,actor,"tt0944947,tt15782690,tt21957774,tt15346418"
nm0312245,Ian Gelder,1949,2024,actor,"tt0485301,tt0944947,tt0458455,tt0420932"
nm0597388,Jason Momoa,1979,,"actor,producer,writer","tt1477834,tt9663764,tt4334266,tt0974015"
nm0622533,Joseph Naufahu,1978,,actor,"tt1219827,tt1442449,tt0944947,tt1386958"
nm3040811,Andrei Claude,1979,,actor,"tt0944947,tt2306299,tt5057130,tt12610390"
nm0341739,Raymond Griffiths,,,"actor,miscellaneous","tt0120915,tt0944947,tt0379670,tt0472071"
nm2482781,Dean Whatton,,,actor,"tt0944947,tt3474788,tt2792326,tt1983079"
nm3338062,George Appleby,,,"actor,stunts","tt0944947,tt5257554,tt7035992,tt14407126"
nm3453345,Maxwell Laird,,,actor,"tt1582196,tt0944947,tt1305562,tt2215211"
nm1168404,Reg Wayment,,,"stunts,actor,miscellaneous","tt0451279,tt1074638,tt0440963,tt3480822"
nm0432837,Marko Juraga,1984,,"actor,sound_department,composer","tt0944947,tt0102236,tt0376909,tt14895146"
nm5037688,Rea Separovic,,,actress,tt0944947
nm0119804,Ania Bukstein,1982,,"actress,soundtrack,archive_footage","tt3602528,tt0944947,tt5673782,tt6965662"
nm8314450,Lucy Hayes,,,actress,tt0944947
nm3122423,Patrick Ryan,,,actor,"tt0944947,tt4320944,tt14527610,tt11311302"
nm0734304,Paddy Rocks,,,actor,"tt2567712,tt0944947,tt0127516,tt2326204"
nm0170799,Steven Cole,,,actor,"tt0944947,tt0083392"
nm0383835,Dan Hildebrand,,,"actor,miscellaneous,cinematographer","tt0187078,tt0944947,tt1124373,tt5165412"
nm4450657,Kevin Keenan,,,actor,"tt0944947,tt2190796,tt2943206,tt3635702"
nm0204583,Essie Davis,1970,,"actress,producer,soundtrack","tt2321549,tt2094766,tt4844140,tt9010738"
nm1638294,Eugene Simon,1992,,"actor,producer","tt0944947,tt1638319,tt7583274,tt4399952"
nm0174449,Aiden Condron,,,actor,"tt0120815,tt0944947,tt0120865,tt1376713"
nm0481924,Richard Laing,,,actor,"tt0944947,tt3110958,tt3923662"
nm1406364,Conor Delaney,,,actor,"tt0944947,tt0283096,tt0488121,tt3344708"
nm4492930,Simon Stewart,,,actor,"tt0944947,tt2544624,tt6363592"
nm3292422,Chris Gallagher,,,actor,"tt0944947,tt2306299,tt1565785,tt0170930"
nm5908524,Christian Vit,,,"actor,producer","tt11311302,tt0944947,tt14449470,tt7491982"
nm1778512,Jóhannes Haukur Jóhannesson,1980,,"actor,sound_department","tt11311302,tt7660850,tt10569934,tt0944947"
nm0564516,Vinnie McCabe,,,"actor,producer","tt0117039,tt0944947,tt0114307,tt14357986"
nm3330066,Sarine Sofair,,,"actress,production_manager","tt1781769,tt5312104,tt0944947,tt2262287"
nm6537691,Samuel Paul Small,,,actor,"tt0944947,tt16437278,tt12209830,tt21819258"
nm4475204,Tristan Mercieca,,,actor,tt0944947
nm8127150,Michael Nevin,,,actor,"tt0944947,tt5882386"
nm8127151,Jesse Magee,,,actor,"tt0944947,tt6036728,tt1983079"
nm8133415,Iona Clarke,,,actress,"tt0944947,tt6793280"
nm8127152,Lucy Gallagher,,,actress,"tt0944947,tt6651118"
nm6462692,Fionn Kernan,,,actor,"tt0944947,tt2465408"
nm1707712,Zachary Baharov,1980,,"actor,producer,archive_footage","tt1023114,tt1288403,tt1909015,tt9603212"
nm0852965,Noah Taylor,1969,,"actor,script_department,soundtrack","tt0181875,tt0362270,tt0117631,tt2397535"
nm5502252,Elizabeth Cadwallader,,,actress,"tt0944947,tt7526498,tt0096555,tt11824218"
nm2869309,Eros V,1995,,"actor,director,writer","tt30835426,tt8877172,tt11758780"
nm3645691,Finn Jones,1988,,"actor,archive_footage","tt10418662,tt3322310,tt0944947,tt2620590"
nm5651524,Mark Coney,,,actor,"tt3414054,tt3244986,tt0758790,tt1233560"
nm1101680,Gordon Fulton,1949,2016,actor,"tt0944947,tt5116280,tt3101352,tt0465670"
nm0384152,Conleth Hill,1964,,"actor,writer,producer","tt0944947,tt1178663,tt5075662,tt1441952"
nm0641596,Jer O'Leary,1945,2018,actor,"tt0117039,tt0107207,tt0298845,tt0097937"
nm3524836,Steve Cash,,,"talent_agent,executive,actor","tt0944947,tt2306299,tt2183641,tt1695366"
nm6342915,Robert Fawsitt,,,actor,"tt1212428,tt0944947,tt2306299,tt3865236"
nm8165602,Bella Ramsey,2003,,"actress,soundtrack,writer","tt0944947,tt3581920,tt11727866,tt6385540"
nm4957233,Aisling Franciosi,,,"actress,soundtrack","tt14852624,tt27534307,tt4068576,tt10375396"
nm0225483,Kate Dickie,1971,,"actress,producer,archive_footage","tt0471030,tt1446714,tt1450321,tt9243804"
nm0004355,Roger Ashton-Griffiths,1957,,"actor,writer,director","tt0944947,tt4575576,tt0088846,tt0217505"
nm0891092,Peter Vaughan,1923,2016,"actor,soundtrack,archive_footage","tt0067800,tt0088846,tt0795368,tt0081633"
nm0203882,Oliver Ford Davies,1939,,"actor,archive_footage","tt0120915,tt7322224,tt0121765,tt0274166"
nm0838910,Donald Sumpter,1943,,"actor,archive_footage","tt1390411,tt0387131,tt1568346,tt0765443"
nm1483416,Richard Rycroft,,,actor,"tt0944947,tt1473832,tt4786824,tt23468836"
nm2807170,Neil Fingleton,1980,2017,"actor,stunts,miscellaneous","tt1270798,tt1335975,tt2395427,tt1617661"
nm0562003,Jodhi May,1975,,"actress,director,writer","tt0104691,tt0111205,tt0096464,tt0129111"
nm2162079,Ivailo Dimitrov,,,"stunts,actor","tt6998518,tt0816711,tt3062096,tt12844910"
nm4982614,Dennis Stokes,,,actor,tt0944947
nm0015382,Adewale Akinnuoye-Agbaje,1967,,"actor,director,writer",tt1127881
nm0001354,Ciarán Hinds,1953,,"actor,soundtrack,archive_footage","tt12789558,tt1596365,tt1340800,tt1201607"
nm0243696,James Doran,,,actor,"tt2567712,tt0944947,tt1097643,tt0116379"
nm6442298,Conor Watters,,,actor,tt0944947
nm4982706,Josephine Gillan,1988,,actress,"tt0944947,tt3004644,tt9455188"
nm1754059,Natalie Dormer,1982,,"actress,producer,writer","tt0944947,tt0758790,tt1951266,tt10361016"
nm2983094,Aisling Jarrett-Gavin,,,actress,"tt0944947,tt1215172,tt8001226,tt1999642"
nm2047170,Emun Elliott,1983,,actor,"tt2488496,tt1446714,tt1450321,tt0944947"
nm2835616,Dean-Charles Chapman,1997,,"actor,archive_footage","tt8579674,tt1726592,tt8266310,tt0944947"
nm3126053,Susie Kelly,,,actress,"tt1240982,tt0944947,tt0985593,tt0488380"
nm4523680,Kerr Logan,1988,,actor,"tt1034007,tt4276618,tt11403434,tt0944947"
nm1697771,Ellie Kendrick,1990,,"actress,writer,soundtrack","tt1174732,tt1159922,tt5158522,tt0944947"
nm2911170,Laurence Doherty,,,"actor,writer","tt2145829,tt12723964,tt1253869,tt1333064"
nm0819087,Samantha Spiro,1968,,"actress,archive_footage","tt2674426,tt0120681,tt0228157,tt7767422"
nm0396924,Carice van Houten,1976,,"actress,producer,writer","tt0944947,tt0389557,tt0985699,tt1053424"
nm0997747,Gary Pillai,1968,,"actor,producer,miscellaneous","tt0944947,tt0893402,tt0183068,tt0485301"
nm2075330,Mark Killeen,,,actor,"tt1877830,tt1462764,tt0944947,tt14792896"
nm0064155,Ian Beattie,1965,,"actor,director,writer","tt0346491,tt0944947,tt2567712,tt16350296"
nm4460936,Antonia Christophers,,,actress,"tt0944947,tt1951140,tt1778108"
nm4595425,Boyd Rankin,1945,2019,"miscellaneous,actor,art_department","tt1240982,tt0349683,tt0944947,tt3208026"
nm2489799,Elisa Lasowski,1986,,"actress,soundtrack","tt1172206,tt3830558,tt17220216"
nm0815420,Mia Soteriou,,,"actress,composer,music_department","tt0795421,tt0765443,tt0117589,tt0151568"
nm2812026,Nathalie Emmanuel,1989,,"actress,producer,archive_footage","tt2820852,tt4046784,tt0944947,tt5433138"
nm2197118,Ciaran Bermingham,,,"actor,producer","tt15323598,tt0944947,tt6095984,tt4714568"
nm0634139,Reece Noi,1988,,"actor,writer","tt7137906,tt0944947,tt2232345,tt0487189"
nm5652293,Nanna Bryndís Hilmarsdóttir,,,"actress,composer,music_department","tt0359950,tt0944947,tt2355495,tt12809988"
nm1743706,Jon Thor Birgisson,1975,,"composer,music_department,actor","tt1389137,tt1646971,tt2386490,tt0892769"
nm5652121,Ragnar Þórhallsson,,,"actor,composer,music_department","tt0359950,tt0944947,tt12809988,tt1520211"
nm1743714,Orri P. Dyrason,1977,,"composer,music_department,producer","tt0259711,tt0362270,tt1477834,tt1403981"
nm1743730,Georg Holm,1976,,"composer,music_department,actor","tt0259711,tt0362270,tt1477834,tt1403981"
nm8158202,Arnar Rosenkranz Hilmarsson,,,"actor,composer,music_department","tt0944947,tt1520211,tt0072562,tt3801702"
nm8158203,Brynjar Leifsson,,,"actor,music_department,soundtrack","tt0944947,tt1520211,tt19801336,tt10676534"
nm1944894,Kristján Kristjánsson,1956,,"actor,music_department,composer","tt8385148,tt2431438,tt0944947,tt1520211"
nm4430905,Rhodri Hosking,,,actor,"tt0944947,tt2395417,tt0096555,tt11238716"
nm3745225,Charlotte Hope,1991,,"actress,soundtrack","tt3640424,tt1707386,tt2980516,tt5814060"
nm9132255,Harry Grasby,,,actor,"tt0944947,tt3814634,tt5650650"
nm0642751,Frank O'Sullivan,,,actor,"tt0119683,tt0117039,tt2357908,tt0944947"
nm4475182,Dennis McKeever,,,actor,tt0944947
nm5792452,Michael Stuart,,,"actor,assistant_director,sound_department","tt2145829,tt1316078,tt7143726,tt2766800"
nm2228622,Marcus Lamb,,,actor,"tt6225520,tt7768192,tt26237514,tt31249476"
nm6706699,Michael Hooley,,,"casting_department,casting_director,actor","tt11138512,tt2906216,tt1212428,tt0944947"
nm3561455,Patrick J Molloy,,,actor,"tt0944947,tt4577468,tt2460366,tt5436486"
nm0371160,Michael Hayes,,,actor,"tt0417791,tt0944947,tt3463106,tt0332658"
nm6316115,Ruairí Heading,1991,,"actor,writer,director","tt23458434,tt0944947,tt3208026,tt15429268"
nm0283642,Tony Flynn,,,actor,"tt14466018,tt6036728,tt21282348,tt2294189"
nm5697839,Jed Murray,,,actor,"tt8233874,tt0944947,tt3480948,tt11311302"
nm3725055,Jessica Henwick,,,"actress,writer,director","tt18363072,tt11564570,tt15301300,tt2222042"
nm1095720,Keisha Castle-Hughes,1990,,"actress,producer,art_director","tt0298228,tt0762121,tt0121766,tt0469099"
nm0050959,Pedro Pascal,1975,,"actor,producer,soundtrack","tt3581920,tt8111088,tt0944947,tt4649466"
nm0424191,Margaret John,1926,2011,"actress,soundtrack,archive_footage","tt0425413,tt0944947,tt0207888,tt0076987"
nm0610312,Gina Moxley,,,"actress,writer,director","tt0944947,tt0120865,tt0215879,tt0117674"
nm0001671,Diana Rigg,1938,2020,"actress,costume_department,costume_designer","tt9639470,tt0064757,tt0944947,tt0054518"
nm5282143,Brenock O'Connor,2000,,actor,"tt0944947,tt4531728,tt6964748,tt27531651"
nm4831584,Will Tudor,1987,,"actor,archive_footage","tt0944947,tt4122068,tt4145054,tt3428478"
nm0188871,Mackenzie Crook,1971,,"actor,writer,director","tt0325980,tt4082744,tt0449088,tt0383574"
nm4789912,Hannah John-Kamen,1989,,"actress,soundtrack","tt5095030,tt1677720,tt6920084,tt2488496"
nm1164730,Natalia Tena,1984,,"actress,writer,soundtrack","tt0373889,tt0276751,tt0417741,tt1201607"
nm1987270,Brian Fortune,,,"actor,archive_footage",tt2521236
nm4422639,Rania Zouari,,,actress,"tt0944947,tt1735200"
nm0318821,Aidan Gillen,1968,,"actor,writer,producer","tt0944947,tt4046784,tt1345836,tt4500922"
nm4535552,Daniel Portman,1992,,actor,"tt0944947,tt11846996,tt11725900,tt2085059"
nm3464945,Andy Kellegher,,,actor,"tt0944947,tt4320944,tt4971424,tt2306299"
nm0863130,Ramon Tikaram,1967,,"actor,soundtrack,archive_sound","tt1617661,tt1686821,tt3763912,tt0116743"
nm0360171,Ian Hanmore,1953,,"actor,archive_footage","tt2906216,tt1687901,tt0318411,tt0944947"
nm1086981,Josef Altin,1983,,"actor,soundtrack,archive_footage","tt0765443,tt0944947,tt2527338,tt0962736"
nm7047874,Staz Nair,1991,,"actor,soundtrack,archive_footage","tt14998742,tt0944947,tt23137904,tt1267299"
nm1409802,Simon Armstrong,,,actor,"tt1448755,tt10280634,tt0944947,tt1371155"
nm1502469,Dar Salim,1977,,"actor,producer,archive_footage","tt4873118,tt0944947,tt1270262,tt5431082"
nm3671418,Laura Pradelska,,,actress,"tt5484010,tt4230938"
nm0504320,Anton Lesser,1952,,"actor,archive_footage","tt1298650,tt0944947,tt6108178,tt0482546"
nm1175468,Elyes Gabel,1983,,"actor,director,producer","tt0816711,tt2937898,tt3514324,tt7460842"
nm3701064,Iwan Rheon,1985,,"actor,producer,soundtrack","tt0944947,tt1548850,tt0800325,tt1981140"
nm0269077,James Faulkner,1948,,"actor,producer,archive_footage","tt7388562,tt1606375,tt0944947,tt2406566"
nm4430828,Luke Barnes,,,"actor,writer,editor","tt0944947,tt3366354,tt5306820,tt4648860"
nm1745190,George Georgiou,,,actor,"tt10366206,tt7767422,tt0944947,tt0489974"
nm4164318,Hugo Culverhouse,,,"assistant_director,actor,miscellaneous","tt0944947,tt5335800,tt6250162,tt4360468"
nm4927489,Melanie Liburd,,,"actress,archive_footage","tt4919268,tt6928892,tt5555260,tt4159076"
nm3822462,Rila Fukushima,,,"actress,soundtrack,archive_footage","tt1430132,tt1219827,tt2193021,tt0944947"
nm2167445,Gethin Anthony,,,"actor,director,writer","tt5618256,tt3768572,tt2459156,tt0944947"
nm3280686,Art Parkinson,2001,,"actor,archive_footage","tt4302938,tt2126355,tt0944947,tt8425404"
nm0534635,Richard Madden,1986,,"actor,producer,soundtrack","tt0944947,tt2368619,tt2066051,tt1661199"
nm0004692,Mark Addy,1964,,"actor,music_department,soundtrack","tt0119164,tt0183790,tt0944947,tt0955308"
nm0570570,Tim McInnerny,1956,,"actor,archive_footage,archive_sound","tt0125439,tt0944947,tt0464196,tt4614612"
nm2996220,Lino Facioli,2000,,actor,"tt1226229,tt2343380,tt0944947,tt1441940"
nm0231871,Ron Donachie,1956,,"actor,soundtrack,archive_footage","tt0120338,tt1029235,tt0944947,tt1297919"
nm0568385,Michael McElhatton,1963,,"actor,writer,archive_footage","tt0944947,tt5057054,tt7366338,tt13323596"
nm0065874,Andy Beckwith,,,"actor,archive_footage","tt1355631,tt0944947,tt5691024,tt0208092"
nm2657974,Esmé Bianco,1982,,actress,"tt0944947,tt4254242,tt2758770,tt4016454"
nm5093301,Alexandra Dowling,1990,,actress,"tt1742179,tt2733252,tt0944947,tt12374656"
nm1414435,Robert Sterne,,,"casting_director,casting_department,actor","tt0944947,tt4786824,tt1478964,tt9603212"
nm0565472,Bryan McCaugherty,,,actor,"tt0944947,tt1186340,tt0218182"
nm1748634,Lucian Msamati,1976,,"actor,producer","tt13640696,tt0963178,tt1356380,tt5563334"
nm4263213,John Bradley,1988,,"actor,soundtrack,archive_footage","tt0944947,tt5834426,tt10223460,tt5451690"
nm0564920,Rory McCann,1969,,"actor,archive_footage","tt0944947,tt7975244,tt0425112,tt3205376"
nm3849842,Sophie Turner,1996,,"actress,archive_footage","tt0944947,tt6565702,tt3385516,tt1731701"
nm1378629,Maggie Hayes,,,actress,"tt0944947,tt1248971,tt1205458,tt1205456"
nm0114742,Susan Brown,1946,,"actress,soundtrack,archive_footage","tt0944947,tt1007029,tt0485301,tt2404181"
nm1103771,Mary Jordan,1913,1973,actress,"tt4652844,tt0061260,tt1948974,tt0129723"
nm1821446,Hannah Waddingham,1974,,"actress,producer,soundtrack","tt1684562,tt10986410,tt0455538,tt1707386"
nm0352901,Kenneth Hadley,,,actor,"tt0462335,tt0151568,tt2023690,tt1255919"
nm0126298,Terry Byrne,,2023,actor,"tt0944947,tt0264333,tt0312549,tt9742392"
nm4757478,Dez McMahon,,,actor,"tt2306299,tt0944947,tt3463106,tt0085020"
nm1402546,Sibel Kekilli,1980,,"actress,archive_footage","tt0347048,tt1288376,tt0944947,tt0806910"
nm0428765,Mark Lewis Jones,1964,,"actor,soundtrack","tt7661390,tt7366338,tt2527336,tt4786824"
nm5081192,Kerry Ingram,1999,,"actress,soundtrack,archive_footage","tt1707386,tt0944947,tt6928052,tt0241383"
nm0432838,Slavko Juraga,1959,,actor,"tt0119874,tt0944947,tt2034403,tt2427220"
nm2746504,Dean Jagger,1978,,"actor,writer,producer","tt0944947,tt5743796,tt7949218,tt23037488"
nm0087432,Nicholas Blane,,,"actor,archive_footage","tt2906216,tt0443543,tt0373889,tt0944947"
nm0226820,Stephen Dillane,1957,,"actor,soundtrack,archive_footage","tt0274558,tt0944947,tt4555426,tt0266987"
nm5792452,Michael Stuart,,,"actor,assistant_director,sound_department","tt2145829,tt1316078,tt7143726,tt2766800"
nm4335246,Faolan Morgan,,,"actor,miscellaneous","tt0462335,tt0944947,tt3546370,tt14466018"
nm4492916,Rick Burn,,,actor,"tt2306299,tt0944947,tt8553578,tt2628232"
nm1423916,David Sheehan,,,actor,"tt0944947,tt0758790,tt0170930,tt0383087"
nm5981376,Paul Monahan,,,actor,"tt0829150,tt2606788,tt11583012"
nm1652341,Jamie Michie,1977,,actor,"tt1758810,tt1390411,tt6679794,tt0944947"
nm1794801,Colin Carnegie,,,actor,"tt0462335,tt2906216,tt1212428,tt0944947"
nm1651043,Stephen Don,,,"actor,writer,producer","tt2823568,tt6039842,tt0944947,tt7305632"
nm0464305,Yuri Kolokolnikov,1980,,"actor,producer,archive_footage","tt1846589,tt6723592,tt8106534,tt1959563"
nm1115654,Miltos Yerolemou,,,actor,"tt2488496,tt8385148,tt3402236,tt0810819"
nm2772105,Oona Chaplin,1986,,"actress,producer,soundtrack","tt2726560,tt0944947,tt0830515,tt5637536"
nm5039410,Rebecca Benson,,,actress,"tt8128344,tt5705956,tt0944947,tt2884018"
nm1146807,Gary Oliver,,,"actor,archive_footage","tt0944947,tt2245988,tt0959601,tt21366490"
nm1212069,Bart the Bear,2000,2021,actor,"tt0364751,tt1389137,tt0758758,tt1694021"
nm1677757,Anthony Morris,,,actor,"tt1893256,tt26736843,tt9243804,tt0944947"
nm3849670,Faye Marsay,1986,,actress,"tt0944947,tt3169706,tt9253284,tt4555426"
nm1395532,Joseph Gatt,,,"actor,miscellaneous,cinematographer","tt3861390,tt0944947,tt1408101,tt2017109"
nm0654295,Alfie Allen,1986,,"actor,soundtrack,archive_footage","tt2911666,tt0944947,tt3829266,tt0467200"
nm0534062,Oengus MacNamara,,,actor,"tt5932728,tt0944947,tt5932548,tt5180504"
nm0443373,Paul Kaye,1965,,"actor,writer,composer","tt9698480,tt0944947,tt6835252"
nm4385245,Tobias Winter,,,actor,"tt1240982,tt0944947,tt2294189,tt2653354"
nm0928408,Andrew Wilde,,,actor,"tt0087803,tt0086993,tt0944947,tt0098765"
nm3727276,Will O'Connell,,,"actor,miscellaneous","tt6813264,tt6853528,tt0944947,tt3096344"
nm4475303,Phil Dixon,,,actor,tt0944947
nm1970465,Kristofer Hivju,1978,,"actor,writer,producer","tt2121382,tt0944947,tt14209916,tt0905372"
nm4514519,Toby Sebastian,1992,,"actor,writer,soundtrack","tt1928340,tt0944947,tt5070062,tt3068894"
nm0309693,Mark Gatiss,1966,,"actor,writer,producer","tt0184135,tt1475582,tt0371724,tt4575576"
nm3065809,Rosabell Laurenti Sellers,1996,,actress,"tt2370096,tt2751576,tt0896872,tt2882850"
nm0227759,Peter Dinklage,1969,,"actor,producer,stunts","tt0944947,tt0340377,tt1877832,tt5027774"
nm0001097,Charles Dance,1946,,"actor,producer,director","tt0280707,tt2084970,tt0944947,tt0103644"
nm5159884,Meena Rayann,,,actress,"tt4761112,tt1298644,tt0944947,tt2988884"
nm1788152,Brendan McCormack,,,actor,"tt1235796,tt0944947,tt0800286,tt0808096"
nm1378721,Graham Charles,,,actor,"tt3231054,tt0944947,tt7388562,tt1091989"
nm0516003,Harry Lloyd,1983,,"actor,writer,producer","tt2980516,tt1007029,tt4190530,tt1229822"
nm3531913,Elizabeth Webster,,,"actress,producer","tt0944947,tt2414766,tt1362058,tt2939156"
nm0103195,David Bradley,1942,,"actor,location_management,soundtrack","tt1213663,tt0425112,tt1201607,tt0417741"
nm5390029,Lottie Steer,,,actress,"tt1109624,tt1707386,tt1014763,tt0944947"
nm3209935,Rob Ostlere,1984,,actor,"tt0944947,tt10846464,tt6654210,tt0184122"
nm1460176,Sigur Rós,,,"composer,music_department,actor","tt0259711,tt1477834,tt0362270,tt1403981"
nm1613839,Ian Whyte,1971,,"actor,miscellaneous,stunts","tt9253284,tt0944947,tt1446714,tt11138512"
nm1368643,Ross Mullan,1967,,"actor,miscellaneous","tt0800320,tt3416532,tt10954600,tt0944947"
nm0516385,Tim Loane,,,"writer,actor,miscellaneous","tt0140934,tt0944947,tt0280330,tt27495613"
nm1872855,Spencer Wilding,1972,,"actor,stunts,producer","tt3748528,tt1976009,tt1043726,tt0486655"
nm4422708,Claire Wright,,,"actress,archive_footage","tt0944947,tt2653352"
nm0916037,Bronson Webb,1983,,"actor,soundtrack","tt1032755,tt0320661,tt0783233,tt0304141"
nm5624523,Timothy Gibbons,,,"costume_department,actor,costume_designer","tt0829150,tt9051908,tt0944947,tt30851137"
nm4416560,Ryan McKenna,,,actor,"tt2567712,tt0944947,tt1205456,tt0780217"
nm0523047,Simon Lowe,,,actor,"tt1351685,tt2527336,tt1266029,tt0944947"
nm0214343,Donagh Deeney,,,actor,"tt0944947,tt0307919,tt2070064,tt1880641"
nm1613839,Ian Whyte,1971,,"actor,miscellaneous,stunts","tt9253284,tt0944947,tt1446714,tt11138512"
nm4744043,Sam Coleman,1996,,"actor,camera_department","tt0944947,tt2620590,tt4669296,tt5995864"
nm1996829,Nonso Anozie,1978,,"actor,producer,archive_footage","tt1661199,tt0816462,tt1045670,tt0462396"
nm2247629,Gemma Whelan,1981,,"actress,archive_footage","tt0944947,tt0780653,tt9214832,tt1320261"
nm0162281,Enzo Cilenti,1974,,"actor,producer","tt4158096,tt1226774,tt2015381,tt0435705"
nm3310211,Rose Leslie,1987,,"actress,archive_footage","tt3177316,tt0944947,tt1618442,tt4520364"
nm0889338,Rupert Vansittart,1958,,"actor,miscellaneous,archive_footage","tt0112573,tt0107943,tt0944947,tt0109831"
nm0535837,Francis Magee,1969,,"actor,archive_footage","tt0375912,tt12361974,tt3748528,tt0974015"
nm5502295,Matteo Elezi,,,"actor,visual_effects,miscellaneous","tt0944947,tt5595168,tt1340758"
nm5309709,Nell Williams,,,"actress,producer","tt8266310,tt5563334,tt0944947,tt3154822"
nm8108764,Cordelia Hill,,,actress,tt0944947
nm1519719,Annette Tierney,,,actress,"tt0944947,tt3777860,tt0810725,tt0490539"
nm7075019,Robert Aramayo,1992,,"actor,producer,archive_footage","tt5867314,tt10065694,tt6856242,tt4550098"
nm7509185,Sebastian Croft,2001,,"actor,music_department,soundtrack","tt10638036,tt16156616,tt7715070,tt9561862"
nm7509186,Fergus Leathem,,,actor,"tt0944947,tt6282542"
nm0503319,Gerald Lepkowski,1966,,"actor,director,writer","tt4686844,tt0324992,tt0944947,tt5688694"
